id,url,status_code,content_type,local_path,sha256,bytes,skipped,error,captured_at
dl_0001,https://nickm.com/taroko_gorge/,200,text/html; charset=utf-8,archive/raw_html/0001_nickm_com_taroko_gorge.html,c45d8579e52fb9da4f222a3ef899d02489d1c86b07d939f098389df2c8ecd2ff,9609,false,,2026-06-27T13:53:58Z
dl_0002,https://collection.eliterature.org/3/collection-taroko.html,200,text/html,archive/raw_html/0002_collection_eliterature_org_3_collection-taroko_html.html,4a3cf5bf57ed33a3a86aee0c43252c5cacc41927c374e6550fd3485556192be8,7933,false,,2026-06-27T13:53:59Z
dl_0003,https://elmcip.net/creative-work/taroko-gorge,403,text/html; charset=UTF-8,,,0,false,HTTP 403,2026-06-27T13:54:01Z
dl_0004,https://elmcip.net/sites/default/files/media/work/attachments/taroko_gorge_original.html,403,text/html; charset=UTF-8,,,0,false,HTTP 403,2026-06-27T13:54:02Z
dl_0005,https://nickm.com/taroko_gorge/original.html,200,text/html; charset=utf-8,archive/raw_html/0005_nickm_com_taroko_gorge_original_html.html,32f333ed8d5424902772363b98aca689d57cfb886275ece5bb056b6b94518da6,3645,false,,2026-06-27T13:54:04Z
dl_0006,https://nickm.com/taroko_gorge/tokyo_garage/,200,text/html; charset=utf-8,archive/raw_html/0006_nickm_com_taroko_gorge_tokyo_garage.html,854d9be60e2634e1fa35cce804ef16557890b2de5acf3a7d3ff9651f60bc766f,6376,false,,2026-06-27T13:54:06Z
dl_0007,https://nickm.com/taroko_gorge/gorge/,200,text/html; charset=utf-8,archive/raw_html/0007_nickm_com_taroko_gorge_gorge.html,7c41a2d110597d5ea2f974c0a7d1709324494ba4e5bf057dd2e8464ca7c0e7ac,4303,false,,2026-06-27T13:54:08Z
dl_0008,http://luckysoap.com/generations/gorge.html,200,text/html,archive/raw_html/0008_luckysoap_com_generations_gorge_html.html,e399443561f5a895280041fdeee04feec29418cee1dc242111005829bec19240,4384,false,,2026-06-27T13:54:09Z
dl_0009,https://nickm.com/taroko_gorge/whisper_wire/,200,text/html; charset=utf-8,archive/raw_html/0009_nickm_com_taroko_gorge_whisper_wire.html,cc1477acb2128f103ba2f07829b7ba3b1f7bc34002581fd07fbf5154fd46649d,5644,false,,2026-06-27T13:54:11Z
dl_0010,https://nickm.com/taroko_gorge/along_the_briny_beach/,200,text/html; charset=utf-8,archive/raw_html/0010_nickm_com_taroko_gorge_along_the_briny_beach.html,90016f2f2cdaa73556bf797bc70e407bb9f118ed42546d1ff1ec007c6ee19945,28104,false,,2026-06-27T13:54:13Z
dl_0011,https://nickm.com/taroko_gorge/toy_garbage/,200,text/html; charset=utf-8,archive/raw_html/0011_nickm_com_taroko_gorge_toy_garbage.html,726b7468184dabf4ee0ae273fac1554a677453334bb6ffafcfb51d52fceb4d3e,3819,false,,2026-06-27T13:54:14Z
dl_0012,https://nickm.com/taroko_gorge/yoko_engorged/,200,text/html; charset=utf-8,archive/raw_html/0012_nickm_com_taroko_gorge_yoko_engorged.html,017a395e2c088dc3314d456d6a40735e4ea39560addf8cead93f9328532ad587,6214,false,,2026-06-27T13:54:16Z
dl_0013,http://exinfoam.wordpress.com/2011/07/18/yoko-engorged/,200,text/html; charset=UTF-8,archive/raw_html/0013_exinfoam_wordpress_com_2011_07_18_yoko-engorged.html,2b1ff63a0ef2585194c46604dfc894e33e6cd15cb9b9392518b93d372785a51c,89059,false,,2026-06-27T13:54:18Z
dl_0014,https://nickm.com/taroko_gorge/takei_george/,200,text/html; charset=utf-8,archive/raw_html/0014_nickm_com_taroko_gorge_takei_george.html,686fdb27151aaf09ce9f4e0c127d7ed2ae546e657d5574e68685c17db7df33c9,4703,false,,2026-06-27T13:54:20Z
dl_0015,https://nickm.com/taroko_gorge/alone_engaged/,200,text/html; charset=utf-8,archive/raw_html/0015_nickm_com_taroko_gorge_alone_engaged.html,1903dbdac748285280f890cebf7e328f29aef678cac2ae4edfc9889f60bb454b,4856,false,,2026-06-27T13:54:21Z
dl_0016,https://nickm.com/taroko_gorge/fred_and_george/,200,text/html; charset=utf-8,archive/raw_html/0016_nickm_com_taroko_gorge_fred_and_george.html,51a1813abaf383df7beaf107bd610b23b34377b1bfcc7331d04db7581e667194,3145,false,,2026-06-27T13:54:23Z
dl_0017,https://nickm.com/taroko_gorge/argot_ogre_ok/,200,text/html; charset=utf-8,archive/raw_html/0017_nickm_com_taroko_gorge_argot_ogre_ok.html,8960d7a08fdf9ec3dd650b3223c24584695a2379a94f62d2967d6c43b424ed63,26342,false,,2026-06-27T13:54:25Z
dl_0018,https://nickm.com/taroko_gorge/designer_gulch/,200,text/html; charset=utf-8,archive/raw_html/0018_nickm_com_taroko_gorge_designer_gulch.html,1df8df8a0ad8583ad4402fc739d27ff502272f4161f937be6d69430907d7d8e7,11505,false,,2026-06-27T13:54:26Z
dl_0019,https://nickm.com/taroko_gorge/inside_the_house/,200,text/html; charset=utf-8,archive/raw_html/0019_nickm_com_taroko_gorge_inside_the_house.html,a45a1c37e033cb922428609c9aba1f80891b9b8624cb263fc073b2ca843a1bca,3121,false,,2026-06-27T13:54:28Z
dl_0020,https://nickm.com/taroko_gorge/taroko_gary/,200,text/html; charset=utf-8,archive/raw_html/0020_nickm_com_taroko_gorge_taroko_gary.html,9949a4f270b653a4c1651763a440b61116ac273687e3bca8e9e71ef64bd90059,3642,false,,2026-06-27T13:54:30Z
dl_0021,http://academic.uprm.edu/flores/TarokoGary.html,404,text/html; charset=iso-8859-1,,,0,false,HTTP 404,2026-06-27T13:55:18Z
dl_0022,https://nickm.com/taroko_gorge/snowball/,200,text/html; charset=utf-8,archive/raw_html/0022_nickm_com_taroko_gorge_snowball.html,b93f98a50a9db9ebe6f0012a9134ddc503842335bef26b15dedacc6145d911d5,2868,false,,2026-06-27T13:55:20Z
dl_0023,https://nickm.com/taroko_gorge/camel_tail/,200,text/html; charset=utf-8,archive/raw_html/0023_nickm_com_taroko_gorge_camel_tail.html,6b2f5bd61f11730f7af1b5e8ef649fadf248b8d5d7720a820610576df57fff3f,109366,false,,2026-06-27T13:55:22Z
dl_0024,https://nickm.com/taroko_gorge/tournedo_gorge/,200,text/html; charset=utf-8,archive/raw_html/0024_nickm_com_taroko_gorge_tournedo_gorge.html,e30dd02fd5e46bc6b981f0072f386ad4caabe4cc95a67b0c6bedd87ee687fc8b,4577,false,,2026-06-27T13:55:23Z
dl_0025,https://nickm.com/taroko_gorge/tasty_gougere/,200,text/html; charset=utf-8,archive/raw_html/0025_nickm_com_taroko_gorge_tasty_gougere.html,5ffff558b58a7936b5fdebc05f6a55b6131e112ea4aedbce4418cbf04e21e00e,5476,false,,2026-06-27T13:55:25Z
dl_0026,https://nickm.com/taroko_gorge/scholars_contemplate_the_irish_beer/,200,text/html; charset=utf-8,archive/raw_html/0026_nickm_com_taroko_gorge_scholars_contemplate_the_irish_beer.html,4028f9880cacf9707089734fc526d30df991b00c2aba1dbf53645057c835d82b,4058,false,,2026-06-27T13:55:27Z
dl_0027,https://nickm.com/taroko_gorge/dark_side_of_the_wall/,200,text/html; charset=utf-8,archive/raw_html/0027_nickm_com_taroko_gorge_dark_side_of_the_wall.html,97d3d7e48a6eb5289150b811fb9ec4032d871f5f5099f8a00807ac9abbfcb025,25382,false,,2026-06-27T13:55:28Z
dl_0028,https://nickm.com/taroko_gorge/tacoma_grunge/,200,text/html; charset=utf-8,archive/raw_html/0028_nickm_com_taroko_gorge_tacoma_grunge.html,00a6a7103ede316b83478f78a96d13f2050ce1453f3ada0708023c6bbc068c2a,6987,false,,2026-06-27T13:55:30Z
dl_0029,https://nickm.com/taroko_gorge/pigeon_forge/,200,text/html; charset=utf-8,archive/raw_html/0029_nickm_com_taroko_gorge_pigeon_forge.html,9193d3e65721e75018ed87970b904251b85abe158a9caf777a4158bd6ab43a31,5486,false,,2026-06-27T13:55:32Z
dl_0030,https://nickm.com/taroko_gorge/transmogrify/,200,text/html; charset=utf-8,archive/raw_html/0030_nickm_com_taroko_gorge_transmogrify.html,7c36ffb66cca5d40f0364d266bba53655be4899d0b9514ef2cbaa578dbae5d26,4687,false,,2026-06-27T13:55:33Z
dl_0031,https://nickm.com/taroko_gorge/take_ogre/,200,text/html; charset=utf-8,archive/raw_html/0031_nickm_com_taroko_gorge_take_ogre.html,496bdd28b4e4845240769de4de575e95da94975f97ec2ffb8742dc11f0ef6253,9671,false,,2026-06-27T13:55:35Z
dl_0032,https://nickm.com/taroko_gorge/wandering_through_taroko_gorge/,200,text/html; charset=utf-8,archive/raw_html/0032_nickm_com_taroko_gorge_wandering_through_taroko_gorge.html,16fecb7d5fa1b8e3413527e82394e06aa7799e0165e6f912dd2bdd5511af9492,8573,false,,2026-06-27T13:55:37Z
dl_0033,https://nickm.com/taroko_gorge/wawoz_taroko/,200,text/html; charset=utf-8,archive/raw_html/0033_nickm_com_taroko_gorge_wawoz_taroko.html,6d0557447e5a941631637eba49df7d5d5bb1dda0a5d4cea8cf6c79250a485c6e,7919,false,,2026-06-27T13:55:39Z
dl_0034,http://ha.art.pl/nick_montfort/wawoz_taroko.html,,,,,0,false,"HTTPConnectionPool(host='sklep.ha.art.plnick_montfort', port=80): Max retries exceeded with url: /wawoz_taroko.html (Caused by NameResolutionError(""HTTPConnection(host='sklep.ha.art.plnick_montfort', port=80): Failed to resolve 'sklep.ha.art.plnick_montfort' ([Errno -2] Name or service not known)""))",2026-06-27T13:55:42Z
dl_0035,https://nickm.com/taroko_gorge/hey_gorgeous/,200,text/html; charset=utf-8,archive/raw_html/0035_nickm_com_taroko_gorge_hey_gorgeous.html,ab15fdf9f8863cbadfea6237ef01188f43640dde7cfed2b04ea06918b6708a36,3963,false,,2026-06-27T13:55:43Z
dl_0036,http://tinysubversions.com/stuff/gorge/,200,text/html,archive/raw_html/0036_tinysubversions_com_stuff_gorge.html,ab15fdf9f8863cbadfea6237ef01188f43640dde7cfed2b04ea06918b6708a36,3963,false,,2026-06-27T13:55:45Z
dl_0037,https://nickm.com/taroko_gorge/54_61_72_6f_6b_6f/,200,text/html; charset=utf-8,archive/raw_html/0037_nickm_com_taroko_gorge_54_61_72_6f_6b_6f.html,3631f83e85bb9d3929fd8b1ccb1e34debf69eafc36e56f1a2bde44ac535446d9,3578,false,,2026-06-27T13:55:47Z
dl_0038,https://nickm.com/taroko_gorge/tolle_garbage/,200,text/html; charset=utf-8,archive/raw_html/0038_nickm_com_taroko_gorge_tolle_garbage.html,03e8f1856e9806d4affd21fc310d1bc22abd8e64580edb2c7b6ebd5d7e354f68,3192,false,,2026-06-27T13:55:48Z
dl_0039,https://nickm.com/taroko_gorge/take_gonzo/,200,text/html; charset=utf-8,archive/raw_html/0039_nickm_com_taroko_gorge_take_gonzo.html,e0be71b26c54a214be8e571bf17e60bf1b784aa8eb2787140e568027450b6d3b,8886,false,,2026-06-27T13:55:50Z
dl_0040,https://nickm.com/taroko_gorge/wawoz_krakow/,200,text/html; charset=utf-8,archive/raw_html/0040_nickm_com_taroko_gorge_wawoz_krakow.html,75601e30281c3a29b19a9ea5432c99d5edd6b4633e1fb625cec6a503df0a5b88,5845,false,,2026-06-27T13:55:52Z
dl_0041,https://nickm.com/taroko_gorge/garaz_w_tokio/,200,text/html; charset=utf-8,archive/raw_html/0041_nickm_com_taroko_gorge_garaz_w_tokio.html,fd537fbcb751fc69b10e7a4b6f25e0fce1825d190aa02e268e08eb44851e87e0,17007,false,,2026-06-27T13:55:54Z
dl_0042,https://nickm.com/taroko_gorge/oko_na_donbas/,200,text/html; charset=utf-8,archive/raw_html/0042_nickm_com_taroko_gorge_oko_na_donbas.html,4f2bdc4c2b7c9343ad08f9ec0aeb972907d44ae69901d1d8b0e55346e58966e4,8841,false,,2026-06-27T13:55:55Z
dl_0043,https://nickm.com/taroko_gorge/karaoke_mirage/,200,text/html; charset=utf-8,archive/raw_html/0043_nickm_com_taroko_gorge_karaoke_mirage.html,dd1d90fb5d92fb6056adbc5d384b315bddd96dc1c847713518b66eae1b22e0d9,6264,false,,2026-06-27T13:55:57Z
dl_0044,https://nickm.com/taroko_gorge/ok_artgoer_go/,200,text/html; charset=utf-8,archive/raw_html/0044_nickm_com_taroko_gorge_ok_artgoer_go.html,44bce95d5f66e3f40f4206b547c294fea913ddb80f5245a70c4c30edb5fcfec9,5570,false,,2026-06-27T13:55:59Z
dl_0045,http://pantherfile.uwm.edu/moulthro/hypertexts/myGorge/,,,,,0,false,"HTTPConnectionPool(host='pantherfile.uwm.edu', port=80): Max retries exceeded with url: /moulthro/hypertexts/myGorge/ (Caused by NameResolutionError(""HTTPConnection(host='pantherfile.uwm.edu', port=80): Failed to resolve 'pantherfile.uwm.edu' ([Errno -2] Name or service not known)""))",2026-06-27T13:56:00Z
dl_0046,https://nickm.com/taroko_gorge/at_or_to_take_regret/,200,text/html; charset=utf-8,archive/raw_html/0046_nickm_com_taroko_gorge_at_or_to_take_regret.html,10b320249588d4e89f1cf328762f82860a9fed0e5a2456762ef26b392455ead7,5522,false,,2026-06-27T13:56:02Z
dl_0047,http://dnanovel.reddustjg1.site.aplus.net/Rodgers_Taroko_At_Or_To_Take_Regret.html,404,text/html; charset=iso-8859-1,,,0,false,HTTP 404,2026-06-27T13:56:04Z
dl_0048,https://nickm.com/taroko_gorge/dress_for_overcast/,200,text/html; charset=utf-8,archive/raw_html/0048_nickm_com_taroko_gorge_dress_for_overcast.html,ddbfafb294df0df1c9c4ff0a3f126d0d52c6a051e93fec7b30b7e7a5428f43f2,5852,false,,2026-06-27T13:56:06Z
dl_0049,https://nickm.com/taroko_gorge/kanjono_taroko/,200,text/html; charset=utf-8,archive/raw_html/0049_nickm_com_taroko_gorge_kanjono_taroko.html,32a2a50bbfe1925281ec441a09c627ce67cb5bb2c465557000fc18364fe28e21,5689,false,,2026-06-27T13:56:07Z
dl_0050,http://www.inthescales.com/pages/kanjono-taroko/,200,text/html,archive/raw_html/0050_www_inthescales_com_pages_kanjono-taroko.html,9cdd95b91413272b5ad64bf62295601c1093a583aa2949ebc83e735c3a36068d,9532,false,,2026-06-27T13:56:09Z
dl_0051,https://nickm.com/taroko_gorge/infinite_monkey_theorem/,200,text/html; charset=utf-8,archive/raw_html/0051_nickm_com_taroko_gorge_infinite_monkey_theorem.html,45e008e86b9ff8f50cd8abb20325a407d612445d44864220f79575eb601a3039,5143,false,,2026-06-27T13:56:11Z
dl_0052,https://nickm.com/taroko_gorge/li_po/,200,text/html; charset=utf-8,archive/raw_html/0052_nickm_com_taroko_gorge_li_po.html,362a5ed66a85c3cca566a23fc2f719619328a0596bc5cf98610ce7152fea119a,5870,false,,2026-06-27T13:56:13Z
dl_0053,https://nickm.com/taroko_gorge/gorge_of_anathema/,200,text/html; charset=utf-8,archive/raw_html/0053_nickm_com_taroko_gorge_gorge_of_anathema.html,4292c56e58c971da26a3514afd0626faa327218909e56017af943c91f29adc35,3737,false,,2026-06-27T13:56:14Z
dl_0054,http://multimodalmel.com/693/pages/trevogorge2.html,200,text/html,archive/raw_html/0054_multimodalmel_com_693_pages_trevogorge2_html.html,e73be84bd252770cfafd7f6373beb2684b6109d62e340c2227258fc003f6928d,3741,false,,2026-06-27T13:56:16Z
dl_0055,https://nickm.com/taroko_gorge/tranced_gaze/,200,text/html; charset=utf-8,archive/raw_html/0055_nickm_com_taroko_gorge_tranced_gaze.html,2ef7b1201c881fd49ba7b691020e956a7a653c0ef054b18aa82b21960c4daa9f,6475,false,,2026-06-27T13:56:18Z
dl_0056,https://nickm.com/taroko_gorge/melroko_porridge/,200,text/html; charset=utf-8,archive/raw_html/0056_nickm_com_taroko_gorge_melroko_porridge.html,b21c2e154d201388e9233e7929cdd8f3101de72ce52932896f11c22282720db9,4734,false,,2026-06-27T13:56:20Z
dl_0057,https://nickm.com/taroko_gorge/tough_guise/,200,text/html; charset=utf-8,archive/raw_html/0057_nickm_com_taroko_gorge_tough_guise.html,3ec918323d91b7aad8b515a3750ac776440e062b055368c345c8be0d8be2e583,3461,false,,2026-06-27T13:56:21Z
dl_0058,https://nickm.com/taroko_gorge/within_and_against/,200,text/html; charset=utf-8,archive/raw_html/0058_nickm_com_taroko_gorge_within_and_against.html,5308e23ad7a1c6bc5654f76b4f0e5247f0efc85c7655637fbfad314b1b8ded87,13416,false,,2026-06-27T13:56:23Z
dl_0059,https://nickm.com/taroko_gorge/taroko_gary_revisited/,200,text/html; charset=utf-8,archive/raw_html/0059_nickm_com_taroko_gorge_taroko_gary_revisited.html,42cee9b8e541d9f0d666a83f622521f6087d6da5a1da59106e07a6e219450f34,26811,false,,2026-06-27T13:56:25Z
dl_0060,https://iloveepoetry.org/creative/tarokogaryrevisited.html,200,text/html; charset=UTF-8,archive/raw_html/0060_iloveepoetry_org_creative_tarokogaryrevisited_html.html,42cee9b8e541d9f0d666a83f622521f6087d6da5a1da59106e07a6e219450f34,26811,false,,2026-06-27T13:56:27Z
dl_0061,https://collection.eliterature.org/3/index.html,200,text/html,archive/raw_html/0061_collection_eliterature_org_3_index_html.html,4bb9c96403581e30cea644d0de3fbec858c78eb020594e5b3c36723b8fef1e11,9845,false,,2026-06-27T13:56:29Z
