id,url,local_path,title_tag,h1_text,author_guess,has_javascript,script_count,contains_taroko_word,contains_gorge_word,contains_generator_signals,contains_setInterval,contains_function_definition,contains_known_array_names,probable_taroko_score,notes
dl_0001,https://nickm.com/taroko_gorge/,archive/raw_html/0001_nickm_com_taroko_gorge.html,Taroko Gorge,,Nick Montfort (detected),true,1,true,true,true,true,true,false,3,
dl_0002,https://collection.eliterature.org/3/collection-taroko.html,archive/raw_html/0002_collection_eliterature_org_3_collection-taroko_html.html,Collection: Taroko Gorge Remixes,,Nick Montfort (detected),true,4,true,true,true,false,true,false,3,
dl_0005,https://nickm.com/taroko_gorge/original.html,archive/raw_html/0005_nickm_com_taroko_gorge_original_html.html,Taroko Gorge,,Nick Montfort (detected),true,1,true,true,true,true,true,false,3,
dl_0006,https://nickm.com/taroko_gorge/tokyo_garage/,archive/raw_html/0006_nickm_com_taroko_gorge_tokyo_garage.html,Tokyo Garage,,Nick Montfort (detected),true,1,false,true,true,true,true,false,3,
dl_0007,https://nickm.com/taroko_gorge/gorge/,archive/raw_html/0007_nickm_com_taroko_gorge_gorge.html,GORGE || J. R. Carpenter,,Nick Montfort (detected),true,1,true,true,true,true,true,false,3,
dl_0008,http://luckysoap.com/generations/gorge.html,archive/raw_html/0008_luckysoap_com_generations_gorge_html.html,GORGE || J. R. Carpenter,,Nick Montfort (detected),true,1,true,true,true,true,true,false,3,
dl_0009,https://nickm.com/taroko_gorge/whisper_wire/,archive/raw_html/0009_nickm_com_taroko_gorge_whisper_wire.html,WHISPER WIRE || J. R. Carpenter,WHISPER WIRE,Nick Montfort (detected),true,1,true,true,true,true,true,false,3,
dl_0010,https://nickm.com/taroko_gorge/along_the_briny_beach/,archive/raw_html/0010_nickm_com_taroko_gorge_along_the_briny_beach.html,Along the Briny Beach || J. R. Carpenter,Along the Briny Beach,,true,6,false,false,true,true,true,false,0,no Taroko signals detected
dl_0011,https://nickm.com/taroko_gorge/toy_garbage/,archive/raw_html/0011_nickm_com_taroko_gorge_toy_garbage.html,TOY GARBAGE,,Nick Montfort (detected),true,1,false,true,true,true,true,false,3,
dl_0012,https://nickm.com/taroko_gorge/yoko_engorged/,archive/raw_html/0012_nickm_com_taroko_gorge_yoko_engorged.html,Yoko engorged,,Nick Montfort (detected),true,1,false,true,true,true,true,false,3,
dl_0013,http://exinfoam.wordpress.com/2011/07/18/yoko-engorged/,archive/raw_html/0013_exinfoam_wordpress_com_2011_07_18_yoko-engorged.html,YOKO ENGORGED | exinfoam,exinfoam,Nick Montfort (detected),true,38,true,true,true,false,true,false,3,
dl_0014,https://nickm.com/taroko_gorge/takei_george/,archive/raw_html/0014_nickm_com_taroko_gorge_takei_george.html,"Takei, George",,Nick Montfort (detected),true,1,false,true,true,true,true,false,3,
dl_0015,https://nickm.com/taroko_gorge/alone_engaged/,archive/raw_html/0015_nickm_com_taroko_gorge_alone_engaged.html,Alone Engaged,,Nick Montfort (detected),true,1,true,true,true,true,true,false,3,
dl_0016,https://nickm.com/taroko_gorge/fred_and_george/,archive/raw_html/0016_nickm_com_taroko_gorge_fred_and_george.html,FRED & GEORGE,,Nick Montfort (detected),true,1,false,true,true,true,true,false,3,
dl_0017,https://nickm.com/taroko_gorge/argot_ogre_ok/,archive/raw_html/0017_nickm_com_taroko_gorge_argot_ogre_ok.html,"Argot Ogre, OK!",,Nick Montfort (detected),true,1,true,true,true,true,true,false,3,
dl_0018,https://nickm.com/taroko_gorge/designer_gulch/,archive/raw_html/0018_nickm_com_taroko_gorge_designer_gulch.html,Brendan howelL - Designer Gulch,Brendan howelL,Nick Montfort (detected),true,1,true,true,true,false,true,false,3,
dl_0019,https://nickm.com/taroko_gorge/inside_the_house/,archive/raw_html/0019_nickm_com_taroko_gorge_inside_the_house.html,Inside the House,,Nick Montfort (detected),true,1,true,true,true,true,true,false,3,
dl_0020,https://nickm.com/taroko_gorge/taroko_gary/,archive/raw_html/0020_nickm_com_taroko_gorge_taroko_gary.html,Taroko Gary,,Nick Montfort (detected),true,1,true,false,true,true,true,false,3,
dl_0022,https://nickm.com/taroko_gorge/snowball/,archive/raw_html/0022_nickm_com_taroko_gorge_snowball.html,Snowball,,,true,1,true,true,true,true,true,false,3,
dl_0023,https://nickm.com/taroko_gorge/camel_tail/,archive/raw_html/0023_nickm_com_taroko_gorge_camel_tail.html,hairs,,,true,1,false,false,true,true,true,false,0,no Taroko signals detected
dl_0024,https://nickm.com/taroko_gorge/tournedo_gorge/,archive/raw_html/0024_nickm_com_taroko_gorge_tournedo_gorge.html,Tournedo Gorge,Tournedo Gorge,Nick Montfort (detected),true,1,true,true,true,true,true,false,3,
dl_0025,https://nickm.com/taroko_gorge/tasty_gougere/,archive/raw_html/0025_nickm_com_taroko_gorge_tasty_gougere.html,Tasty Gougere,,Nick Montfort (detected),true,5,true,true,true,true,true,false,3,
dl_0026,https://nickm.com/taroko_gorge/scholars_contemplate_the_irish_beer/,archive/raw_html/0026_nickm_com_taroko_gorge_scholars_contemplate_the_irish_beer.html,Scholars contemplate the Irish beer,,Nick Montfort (detected),true,4,true,true,true,true,true,false,3,
dl_0027,https://nickm.com/taroko_gorge/dark_side_of_the_wall/,archive/raw_html/0027_nickm_com_taroko_gorge_dark_side_of_the_wall.html,The Dark Side of the Wall,,Nick Montfort (detected),true,1,false,true,true,true,true,false,3,
dl_0028,https://nickm.com/taroko_gorge/tacoma_grunge/,archive/raw_html/0028_nickm_com_taroko_gorge_tacoma_grunge.html,Tacoma Grunge,,Nick Montfort (detected),true,1,false,true,true,true,true,false,3,
dl_0029,https://nickm.com/taroko_gorge/pigeon_forge/,archive/raw_html/0029_nickm_com_taroko_gorge_pigeon_forge.html,Pigeon Forge (after Nick Montfort's Taroko Gorge),Pigeon Forge,Nick Montfort (detected),true,1,true,true,true,true,true,false,3,
dl_0030,https://nickm.com/taroko_gorge/transmogrify/,archive/raw_html/0030_nickm_com_taroko_gorge_transmogrify.html,TransmoGrify,,Nick Montfort (detected),true,1,false,true,true,true,true,false,3,
dl_0031,https://nickm.com/taroko_gorge/take_ogre/,archive/raw_html/0031_nickm_com_taroko_gorge_take_ogre.html,Take Ogre,,Nick Montfort (detected),true,1,false,true,true,true,true,false,3,
dl_0032,https://nickm.com/taroko_gorge/wandering_through_taroko_gorge/,archive/raw_html/0032_nickm_com_taroko_gorge_wandering_through_taroko_gorge.html,Wandering through Taroko Gorge,,,true,6,true,true,true,true,true,false,3,
dl_0033,https://nickm.com/taroko_gorge/wawoz_taroko/,archive/raw_html/0033_nickm_com_taroko_gorge_wawoz_taroko.html,Wąwóz Taroko,,Nick Montfort (detected),true,1,true,true,true,true,true,true,5,
dl_0035,https://nickm.com/taroko_gorge/hey_gorgeous/,archive/raw_html/0035_nickm_com_taroko_gorge_hey_gorgeous.html,Hey Gorgeous,,Nick Montfort (detected),true,2,true,true,true,true,true,false,3,
dl_0036,http://tinysubversions.com/stuff/gorge/,archive/raw_html/0036_tinysubversions_com_stuff_gorge.html,Hey Gorgeous,,Nick Montfort (detected),true,2,true,true,true,true,true,false,3,
dl_0037,https://nickm.com/taroko_gorge/54_61_72_6f_6b_6f/,archive/raw_html/0037_nickm_com_taroko_gorge_54_61_72_6f_6b_6f.html,54 61 72 6F 6B 6F by Roman Kalinovski,,Nick Montfort (detected),true,1,true,true,true,true,true,false,3,
dl_0038,https://nickm.com/taroko_gorge/tolle_garbage/,archive/raw_html/0038_nickm_com_taroko_gorge_tolle_garbage.html,Tolle Garbage,,Nick Montfort (detected),true,1,false,true,true,true,true,false,3,
dl_0039,https://nickm.com/taroko_gorge/take_gonzo/,archive/raw_html/0039_nickm_com_taroko_gorge_take_gonzo.html,Take Gonzo,su -  take@gonzo ~ $ ip a,Nick Montfort (detected),true,4,false,true,true,true,true,false,3,
dl_0040,https://nickm.com/taroko_gorge/wawoz_krakow/,archive/raw_html/0040_nickm_com_taroko_gorge_wawoz_krakow.html,Wąwóz Kraków,,Nick Montfort (detected),true,1,true,true,true,true,true,true,5,
dl_0041,https://nickm.com/taroko_gorge/garaz_w_tokio/,archive/raw_html/0041_nickm_com_taroko_gorge_garaz_w_tokio.html,Garaż w Tokio,,Nick Montfort (detected),true,3,true,false,true,true,true,true,5,
dl_0042,https://nickm.com/taroko_gorge/oko_na_donbas/,archive/raw_html/0042_nickm_com_taroko_gorge_oko_na_donbas.html,Oko na Donbas,,Nick Montfort (detected),true,1,true,true,true,true,true,true,5,
dl_0043,https://nickm.com/taroko_gorge/karaoke_mirage/,archive/raw_html/0043_nickm_com_taroko_gorge_karaoke_mirage.html,Karaoke Mirage (after Nick Montfort's Taroko Gorge),Karaoke Mirage,Nick Montfort (detected),true,1,true,true,true,true,true,false,3,
dl_0044,https://nickm.com/taroko_gorge/ok_artgoer_go/,archive/raw_html/0044_nickm_com_taroko_gorge_ok_artgoer_go.html,"OK, Artgoer, Go!",,Nick Montfort (detected),true,1,true,true,true,true,true,false,3,
dl_0046,https://nickm.com/taroko_gorge/at_or_to_take_regret/,archive/raw_html/0046_nickm_com_taroko_gorge_at_or_to_take_regret.html,"At, or To Take Regret: Some Reflections on Grammars",,Nick Montfort (detected),true,1,true,true,true,true,true,false,3,
dl_0048,https://nickm.com/taroko_gorge/dress_for_overcast/,archive/raw_html/0048_nickm_com_taroko_gorge_dress_for_overcast.html,Dress for overcast,Dress for overcast,Nick Montfort (detected),true,1,true,true,true,true,true,false,3,
dl_0049,https://nickm.com/taroko_gorge/kanjono_taroko/,archive/raw_html/0049_nickm_com_taroko_gorge_kanjono_taroko.html,Kanjono Taroko,,Nick Montfort (detected),true,1,true,true,true,true,true,false,3,
dl_0050,http://www.inthescales.com/pages/kanjono-taroko/,archive/raw_html/0050_www_inthescales_com_pages_kanjono-taroko.html,Kanjono Taroko,,Nick Montfort (detected),true,1,true,true,true,true,true,false,3,
dl_0051,https://nickm.com/taroko_gorge/infinite_monkey_theorem/,archive/raw_html/0051_nickm_com_taroko_gorge_infinite_monkey_theorem.html,Infinite Monkey Theorem,,,true,1,false,false,true,true,true,false,0,no Taroko signals detected
dl_0052,https://nickm.com/taroko_gorge/li_po/,archive/raw_html/0052_nickm_com_taroko_gorge_li_po.html,Li Po,,Nick Montfort (detected),true,2,true,true,true,true,true,false,3,
dl_0053,https://nickm.com/taroko_gorge/gorge_of_anathema/,archive/raw_html/0053_nickm_com_taroko_gorge_gorge_of_anathema.html,Gorge of Anathema,,Nick Montfort (detected),true,1,true,true,true,true,true,false,3,
dl_0054,http://multimodalmel.com/693/pages/trevogorge2.html,archive/raw_html/0054_multimodalmel_com_693_pages_trevogorge2_html.html,Gorge of Anathema,,Nick Montfort (detected),true,1,true,true,true,true,true,false,3,
dl_0055,https://nickm.com/taroko_gorge/tranced_gaze/,archive/raw_html/0055_nickm_com_taroko_gorge_tranced_gaze.html,Tranced Gaze,,Nick Montfort (detected),true,1,true,true,true,true,true,false,3,
dl_0056,https://nickm.com/taroko_gorge/melroko_porridge/,archive/raw_html/0056_nickm_com_taroko_gorge_melroko_porridge.html,Melroko Porridge,,Nick Montfort (detected),true,1,true,true,true,true,true,false,3,
dl_0057,https://nickm.com/taroko_gorge/tough_guise/,archive/raw_html/0057_nickm_com_taroko_gorge_tough_guise.html,Tough Guise,,Nick Montfort (detected),true,1,false,false,true,true,true,false,0,no Taroko signals detected
dl_0058,https://nickm.com/taroko_gorge/within_and_against/,archive/raw_html/0058_nickm_com_taroko_gorge_within_and_against.html,Within and Against / Against and Within,Within and Against,,true,1,false,false,true,true,true,false,0,no Taroko signals detected
dl_0059,https://nickm.com/taroko_gorge/taroko_gary_revisited/,archive/raw_html/0059_nickm_com_taroko_gorge_taroko_gary_revisited.html,Taroko Gary Revisited,,Nick Montfort (detected),true,1,true,true,true,false,true,false,3,
dl_0060,https://iloveepoetry.org/creative/tarokogaryrevisited.html,archive/raw_html/0060_iloveepoetry_org_creative_tarokogaryrevisited_html.html,Taroko Gary Revisited,,Nick Montfort (detected),true,1,true,true,true,false,true,false,3,
dl_0061,https://collection.eliterature.org/3/index.html,archive/raw_html/0061_collection_eliterature_org_3_index_html.html,Electronic Literature Collection - Volume 3,,,true,6,true,true,true,false,true,false,3,
