id,url,array_name,item_count,sample_hash,notes
dl_0013,http://exinfoam.wordpress.com/2011/07/18/yoko-engorged/,linkElements,1,cd0aa9856147b6c5,
dl_0013,http://exinfoam.wordpress.com/2011/07/18/yoko-engorged/,ccpa_applies,13,c29a4ec9caf08cfc,
dl_0013,http://exinfoam.wordpress.com/2011/07/18/yoko-engorged/,s,2,be7cdc4e3e49474a,
dl_0033,https://nickm.com/taroko_gorge/wawoz_taroko/,above,4,05218dafe1de3cd4,
dl_0033,https://nickm.com/taroko_gorge/wawoz_taroko/,below,4,b401fa33bd9d19ac,
dl_0033,https://nickm.com/taroko_gorge/wawoz_taroko/,trans,4,adf664b472fcf51a,
dl_0033,https://nickm.com/taroko_gorge/wawoz_taroko/,imper,4,7d9b5c06a1873481,
dl_0033,https://nickm.com/taroko_gorge/wawoz_taroko/,intrans,4,d75bfce8fc799cfc,
dl_0040,https://nickm.com/taroko_gorge/wawoz_krakow/,above,4,01140eefb58ef061,
dl_0040,https://nickm.com/taroko_gorge/wawoz_krakow/,below,4,ec954aa89b6a6295,
dl_0040,https://nickm.com/taroko_gorge/wawoz_krakow/,trans,4,26850b4383cf5169,
dl_0040,https://nickm.com/taroko_gorge/wawoz_krakow/,imper,4,c0cba3b9e0e36639,
dl_0040,https://nickm.com/taroko_gorge/wawoz_krakow/,intrans,4,e579c86f0f183e7e,
dl_0041,https://nickm.com/taroko_gorge/garaz_w_tokio/,above1,4,6ecdcb9692f7ef06,
dl_0041,https://nickm.com/taroko_gorge/garaz_w_tokio/,above2,4,39caacbcd0e80100,
dl_0041,https://nickm.com/taroko_gorge/garaz_w_tokio/,above3,4,f55a66947ed29c78,
dl_0041,https://nickm.com/taroko_gorge/garaz_w_tokio/,below1,4,e98ea38c237a19e4,
dl_0041,https://nickm.com/taroko_gorge/garaz_w_tokio/,below2,4,f26caa30a717c4a1,
dl_0041,https://nickm.com/taroko_gorge/garaz_w_tokio/,below3,4,6a86f9eff9d9890a,
dl_0041,https://nickm.com/taroko_gorge/garaz_w_tokio/,trans,4,adf664b472fcf51a,
dl_0041,https://nickm.com/taroko_gorge/garaz_w_tokio/,imper,4,e98ea38c237a19e4,
dl_0041,https://nickm.com/taroko_gorge/garaz_w_tokio/,intrans,4,d75bfce8fc799cfc,
dl_0042,https://nickm.com/taroko_gorge/oko_na_donbas/,above1,4,f333804da54cfa18,
dl_0042,https://nickm.com/taroko_gorge/oko_na_donbas/,above2,4,56427cec0026c7aa,
dl_0042,https://nickm.com/taroko_gorge/oko_na_donbas/,above3,4,8ec6ce8351062b3d,
dl_0042,https://nickm.com/taroko_gorge/oko_na_donbas/,below1,4,b401fa33bd9d19ac,
dl_0042,https://nickm.com/taroko_gorge/oko_na_donbas/,below2,4,9918c9bd9d900d3a,
dl_0042,https://nickm.com/taroko_gorge/oko_na_donbas/,below3,4,0c8a36fb4e4ffd87,
dl_0042,https://nickm.com/taroko_gorge/oko_na_donbas/,trans,4,adf664b472fcf51a,
dl_0042,https://nickm.com/taroko_gorge/oko_na_donbas/,imper,4,f3c92832f272df3b,
dl_0042,https://nickm.com/taroko_gorge/oko_na_donbas/,intrans,4,776f45551f02e317,
