id,url,status,screenshot_path,text_sample_path,seconds,error,captured_at
dl_0001,https://nickm.com/taroko_gorge/,ok,archive/screenshots/dl_0001_screenshot.png,archive/output_samples/dl_0001_sample.txt,20,,2026-06-27T13:56:50Z
dl_0002,https://collection.eliterature.org/3/collection-taroko.html,ok,archive/screenshots/dl_0002_screenshot.png,archive/output_samples/dl_0002_sample.txt,20,,2026-06-27T13:57:11Z
dl_0005,https://nickm.com/taroko_gorge/original.html,ok,archive/screenshots/dl_0005_screenshot.png,archive/output_samples/dl_0005_sample.txt,20,,2026-06-27T13:57:31Z
dl_0006,https://nickm.com/taroko_gorge/tokyo_garage/,ok,archive/screenshots/dl_0006_screenshot.png,archive/output_samples/dl_0006_sample.txt,20,,2026-06-27T13:57:52Z
dl_0007,https://nickm.com/taroko_gorge/gorge/,ok,archive/screenshots/dl_0007_screenshot.png,archive/output_samples/dl_0007_sample.txt,20,,2026-06-27T13:58:12Z
dl_0008,http://luckysoap.com/generations/gorge.html,ok,archive/screenshots/dl_0008_screenshot.png,archive/output_samples/dl_0008_sample.txt,20,,2026-06-27T13:58:33Z
dl_0009,https://nickm.com/taroko_gorge/whisper_wire/,ok,archive/screenshots/dl_0009_screenshot.png,archive/output_samples/dl_0009_sample.txt,20,,2026-06-27T13:58:53Z
dl_0011,https://nickm.com/taroko_gorge/toy_garbage/,ok,archive/screenshots/dl_0011_screenshot.png,archive/output_samples/dl_0011_sample.txt,20,,2026-06-27T13:59:13Z
dl_0012,https://nickm.com/taroko_gorge/yoko_engorged/,ok,archive/screenshots/dl_0012_screenshot.png,archive/output_samples/dl_0012_sample.txt,20,,2026-06-27T13:59:34Z
dl_0013,http://exinfoam.wordpress.com/2011/07/18/yoko-engorged/,ok,archive/screenshots/dl_0013_screenshot.png,archive/output_samples/dl_0013_sample.txt,20,,2026-06-27T13:59:55Z
dl_0014,https://nickm.com/taroko_gorge/takei_george/,ok,archive/screenshots/dl_0014_screenshot.png,archive/output_samples/dl_0014_sample.txt,20,,2026-06-27T14:00:16Z
dl_0015,https://nickm.com/taroko_gorge/alone_engaged/,ok,archive/screenshots/dl_0015_screenshot.png,archive/output_samples/dl_0015_sample.txt,20,,2026-06-27T14:00:36Z
dl_0016,https://nickm.com/taroko_gorge/fred_and_george/,ok,archive/screenshots/dl_0016_screenshot.png,archive/output_samples/dl_0016_sample.txt,20,,2026-06-27T14:00:57Z
dl_0017,https://nickm.com/taroko_gorge/argot_ogre_ok/,ok,archive/screenshots/dl_0017_screenshot.png,archive/output_samples/dl_0017_sample.txt,20,,2026-06-27T14:01:17Z
dl_0018,https://nickm.com/taroko_gorge/designer_gulch/,ok,archive/screenshots/dl_0018_screenshot.png,archive/output_samples/dl_0018_sample.txt,20,,2026-06-27T14:01:38Z
dl_0019,https://nickm.com/taroko_gorge/inside_the_house/,ok,archive/screenshots/dl_0019_screenshot.png,archive/output_samples/dl_0019_sample.txt,20,,2026-06-27T14:01:59Z
dl_0020,https://nickm.com/taroko_gorge/taroko_gary/,ok,archive/screenshots/dl_0020_screenshot.png,archive/output_samples/dl_0020_sample.txt,20,,2026-06-27T14:02:19Z
dl_0022,https://nickm.com/taroko_gorge/snowball/,ok,archive/screenshots/dl_0022_screenshot.png,archive/output_samples/dl_0022_sample.txt,20,,2026-06-27T14:02:40Z
dl_0024,https://nickm.com/taroko_gorge/tournedo_gorge/,ok,archive/screenshots/dl_0024_screenshot.png,archive/output_samples/dl_0024_sample.txt,20,,2026-06-27T14:03:00Z
dl_0025,https://nickm.com/taroko_gorge/tasty_gougere/,ok,archive/screenshots/dl_0025_screenshot.png,archive/output_samples/dl_0025_sample.txt,20,,2026-06-27T14:03:21Z
dl_0026,https://nickm.com/taroko_gorge/scholars_contemplate_the_irish_beer/,ok,archive/screenshots/dl_0026_screenshot.png,archive/output_samples/dl_0026_sample.txt,20,,2026-06-27T14:03:41Z
dl_0027,https://nickm.com/taroko_gorge/dark_side_of_the_wall/,ok,archive/screenshots/dl_0027_screenshot.png,archive/output_samples/dl_0027_sample.txt,20,,2026-06-27T14:04:01Z
dl_0028,https://nickm.com/taroko_gorge/tacoma_grunge/,ok,archive/screenshots/dl_0028_screenshot.png,archive/output_samples/dl_0028_sample.txt,20,,2026-06-27T14:04:22Z
dl_0029,https://nickm.com/taroko_gorge/pigeon_forge/,ok,archive/screenshots/dl_0029_screenshot.png,archive/output_samples/dl_0029_sample.txt,20,,2026-06-27T14:04:42Z
dl_0030,https://nickm.com/taroko_gorge/transmogrify/,ok,archive/screenshots/dl_0030_screenshot.png,archive/output_samples/dl_0030_sample.txt,20,,2026-06-27T14:05:02Z
dl_0031,https://nickm.com/taroko_gorge/take_ogre/,ok,archive/screenshots/dl_0031_screenshot.png,archive/output_samples/dl_0031_sample.txt,20,,2026-06-27T14:05:23Z
dl_0032,https://nickm.com/taroko_gorge/wandering_through_taroko_gorge/,ok,archive/screenshots/dl_0032_screenshot.png,archive/output_samples/dl_0032_sample.txt,20,,2026-06-27T14:05:44Z
dl_0033,https://nickm.com/taroko_gorge/wawoz_taroko/,ok,archive/screenshots/dl_0033_screenshot.png,archive/output_samples/dl_0033_sample.txt,20,,2026-06-27T14:06:04Z
dl_0035,https://nickm.com/taroko_gorge/hey_gorgeous/,ok,archive/screenshots/dl_0035_screenshot.png,archive/output_samples/dl_0035_sample.txt,20,,2026-06-27T14:06:26Z
dl_0036,http://tinysubversions.com/stuff/gorge/,ok,archive/screenshots/dl_0036_screenshot.png,archive/output_samples/dl_0036_sample.txt,20,,2026-06-27T14:06:47Z
dl_0037,https://nickm.com/taroko_gorge/54_61_72_6f_6b_6f/,ok,archive/screenshots/dl_0037_screenshot.png,archive/output_samples/dl_0037_sample.txt,20,,2026-06-27T14:07:07Z
dl_0038,https://nickm.com/taroko_gorge/tolle_garbage/,ok,archive/screenshots/dl_0038_screenshot.png,archive/output_samples/dl_0038_sample.txt,20,,2026-06-27T14:07:27Z
dl_0039,https://nickm.com/taroko_gorge/take_gonzo/,ok,archive/screenshots/dl_0039_screenshot.png,archive/output_samples/dl_0039_sample.txt,20,,2026-06-27T14:07:48Z
dl_0040,https://nickm.com/taroko_gorge/wawoz_krakow/,ok,archive/screenshots/dl_0040_screenshot.png,archive/output_samples/dl_0040_sample.txt,20,,2026-06-27T14:08:08Z
dl_0041,https://nickm.com/taroko_gorge/garaz_w_tokio/,ok,archive/screenshots/dl_0041_screenshot.png,archive/output_samples/dl_0041_sample.txt,20,,2026-06-27T14:08:29Z
dl_0042,https://nickm.com/taroko_gorge/oko_na_donbas/,ok,archive/screenshots/dl_0042_screenshot.png,archive/output_samples/dl_0042_sample.txt,20,,2026-06-27T14:08:49Z
dl_0043,https://nickm.com/taroko_gorge/karaoke_mirage/,ok,archive/screenshots/dl_0043_screenshot.png,archive/output_samples/dl_0043_sample.txt,20,,2026-06-27T14:09:10Z
dl_0044,https://nickm.com/taroko_gorge/ok_artgoer_go/,ok,archive/screenshots/dl_0044_screenshot.png,archive/output_samples/dl_0044_sample.txt,20,,2026-06-27T14:09:30Z
dl_0046,https://nickm.com/taroko_gorge/at_or_to_take_regret/,ok,archive/screenshots/dl_0046_screenshot.png,archive/output_samples/dl_0046_sample.txt,20,,2026-06-27T14:09:50Z
dl_0048,https://nickm.com/taroko_gorge/dress_for_overcast/,ok,archive/screenshots/dl_0048_screenshot.png,archive/output_samples/dl_0048_sample.txt,20,,2026-06-27T14:10:11Z
dl_0049,https://nickm.com/taroko_gorge/kanjono_taroko/,ok,archive/screenshots/dl_0049_screenshot.png,archive/output_samples/dl_0049_sample.txt,20,,2026-06-27T14:10:32Z
dl_0050,http://www.inthescales.com/pages/kanjono-taroko/,ok,archive/screenshots/dl_0050_screenshot.png,archive/output_samples/dl_0050_sample.txt,20,,2026-06-27T14:10:52Z
dl_0052,https://nickm.com/taroko_gorge/li_po/,ok,archive/screenshots/dl_0052_screenshot.png,archive/output_samples/dl_0052_sample.txt,20,,2026-06-27T14:11:12Z
dl_0053,https://nickm.com/taroko_gorge/gorge_of_anathema/,ok,archive/screenshots/dl_0053_screenshot.png,archive/output_samples/dl_0053_sample.txt,20,,2026-06-27T14:11:33Z
dl_0054,http://multimodalmel.com/693/pages/trevogorge2.html,ok,archive/screenshots/dl_0054_screenshot.png,archive/output_samples/dl_0054_sample.txt,20,,2026-06-27T14:11:53Z
dl_0055,https://nickm.com/taroko_gorge/tranced_gaze/,ok,archive/screenshots/dl_0055_screenshot.png,archive/output_samples/dl_0055_sample.txt,20,,2026-06-27T14:12:13Z
dl_0056,https://nickm.com/taroko_gorge/melroko_porridge/,ok,archive/screenshots/dl_0056_screenshot.png,archive/output_samples/dl_0056_sample.txt,20,,2026-06-27T14:12:34Z
dl_0059,https://nickm.com/taroko_gorge/taroko_gary_revisited/,ok,archive/screenshots/dl_0059_screenshot.png,archive/output_samples/dl_0059_sample.txt,20,,2026-06-27T14:12:55Z
dl_0060,https://iloveepoetry.org/creative/tarokogaryrevisited.html,ok,archive/screenshots/dl_0060_screenshot.png,archive/output_samples/dl_0060_sample.txt,20,,2026-06-27T14:13:16Z
dl_0061,https://collection.eliterature.org/3/index.html,ok,archive/screenshots/dl_0061_screenshot.png,archive/output_samples/dl_0061_sample.txt,20,,2026-06-27T14:13:37Z
