candidate_id,source_page,url,link_text,reason_kept,captured_at
cand_0001,https://nickm.com/taroko_gorge/,https://nickm.com/taroko_gorge/,Original Taroko Gorge by Nick Montfort,seed-url,2026-06-27T13:53:49Z
cand_0002,https://collection.eliterature.org/3/collection-taroko.html,https://collection.eliterature.org/3/collection-taroko.html,ELC3 Taroko Gorge collection page,seed-url,2026-06-27T13:53:49Z
cand_0003,https://elmcip.net/creative-work/taroko-gorge,https://elmcip.net/creative-work/taroko-gorge,ELMCIP entry for Taroko Gorge,seed-url,2026-06-27T13:53:49Z
cand_0004,https://elmcip.net/sites/default/files/media/work/attachments/taroko_gorge_original.html,https://elmcip.net/sites/default/files/media/work/attachments/taroko_gorge_original.html,ELMCIP local copy of Taroko Gorge source,seed-url,2026-06-27T13:53:49Z
cand_0005,https://nickm.com/taroko_gorge/,https://nickm.com/taroko_gorge/original.html,Nick Montfort,nickm-taroko-related,2026-06-27T13:53:51Z
cand_0006,https://nickm.com/taroko_gorge/,https://nickm.com/taroko_gorge/tokyo_garage/,Scott Rettberg,nickm-taroko-related,2026-06-27T13:53:51Z
cand_0007,https://nickm.com/taroko_gorge/,https://nickm.com/taroko_gorge/gorge/,J.R. Carpenter,nickm-taroko-related,2026-06-27T13:53:51Z
cand_0008,https://nickm.com/taroko_gorge/,http://luckysoap.com/generations/gorge.html,[JRC],nickm-taroko-related,2026-06-27T13:53:51Z
cand_0009,https://nickm.com/taroko_gorge/,https://nickm.com/taroko_gorge/whisper_wire/,J.R. Carpenter,nickm-taroko-related,2026-06-27T13:53:51Z
cand_0010,https://nickm.com/taroko_gorge/,https://nickm.com/taroko_gorge/along_the_briny_beach/,J.R. Carpenter,nickm-taroko-related,2026-06-27T13:53:51Z
cand_0011,https://nickm.com/taroko_gorge/,https://nickm.com/taroko_gorge/toy_garbage/,Talan Memmott,nickm-taroko-related,2026-06-27T13:53:51Z
cand_0012,https://nickm.com/taroko_gorge/,https://nickm.com/taroko_gorge/yoko_engorged/,Eric Snodgrass,nickm-taroko-related,2026-06-27T13:53:51Z
cand_0013,https://nickm.com/taroko_gorge/,http://exinfoam.wordpress.com/2011/07/18/yoko-engorged/,[ES],nickm-taroko-related,2026-06-27T13:53:51Z
cand_0014,https://nickm.com/taroko_gorge/,https://nickm.com/taroko_gorge/takei_george/,Mark Sample,nickm-taroko-related,2026-06-27T13:53:51Z
cand_0015,https://nickm.com/taroko_gorge/,https://nickm.com/taroko_gorge/alone_engaged/,Maria Engberg,nickm-taroko-related,2026-06-27T13:53:51Z
cand_0016,https://nickm.com/taroko_gorge/,https://nickm.com/taroko_gorge/fred_and_george/,Flourish Klink,nickm-taroko-related,2026-06-27T13:53:51Z
cand_0017,https://nickm.com/taroko_gorge/,https://nickm.com/taroko_gorge/argot_ogre_ok/,Andrew Plotkin,nickm-taroko-related,2026-06-27T13:53:51Z
cand_0018,https://nickm.com/taroko_gorge/,https://nickm.com/taroko_gorge/designer_gulch/,Brendan Howell,nickm-taroko-related,2026-06-27T13:53:51Z
cand_0019,https://nickm.com/taroko_gorge/,https://nickm.com/taroko_gorge/inside_the_house/,Adam Sylvain,nickm-taroko-related,2026-06-27T13:53:51Z
cand_0020,https://nickm.com/taroko_gorge/,https://nickm.com/taroko_gorge/taroko_gary/,Leonardo Flores,nickm-taroko-related,2026-06-27T13:53:51Z
cand_0021,https://nickm.com/taroko_gorge/,http://academic.uprm.edu/flores/TarokoGary.html,[LF],nickm-taroko-related,2026-06-27T13:53:51Z
cand_0022,https://nickm.com/taroko_gorge/,https://nickm.com/taroko_gorge/snowball/,Alireza Mahzoon,nickm-taroko-related,2026-06-27T13:53:51Z
cand_0023,https://nickm.com/taroko_gorge/,https://nickm.com/taroko_gorge/camel_tail/,Sonny Rae Tempest,nickm-taroko-related,2026-06-27T13:53:51Z
cand_0024,https://nickm.com/taroko_gorge/,https://nickm.com/taroko_gorge/tournedo_gorge/,Kathi Inman Berens,nickm-taroko-related,2026-06-27T13:53:51Z
cand_0025,https://nickm.com/taroko_gorge/,https://nickm.com/taroko_gorge/tasty_gougere/,Helen Burgess,nickm-taroko-related,2026-06-27T13:53:51Z
cand_0026,https://nickm.com/taroko_gorge/,https://nickm.com/taroko_gorge/scholars_contemplate_the_irish_beer/,Judy Malloy,nickm-taroko-related,2026-06-27T13:53:51Z
cand_0027,https://nickm.com/taroko_gorge/,https://nickm.com/taroko_gorge/dark_side_of_the_wall/,Bob Bonsall,nickm-taroko-related,2026-06-27T13:53:51Z
cand_0028,https://nickm.com/taroko_gorge/,https://nickm.com/taroko_gorge/tacoma_grunge/,Chuck Rybak,nickm-taroko-related,2026-06-27T13:53:51Z
cand_0029,https://nickm.com/taroko_gorge/,https://nickm.com/taroko_gorge/pigeon_forge/,Zach Whalen,nickm-taroko-related,2026-06-27T13:53:51Z
cand_0030,https://nickm.com/taroko_gorge/,https://nickm.com/taroko_gorge/transmogrify/,Leonardo Flores,nickm-taroko-related,2026-06-27T13:53:51Z
cand_0031,https://nickm.com/taroko_gorge/,https://nickm.com/taroko_gorge/take_ogre/,John Pat McNamara,nickm-taroko-related,2026-06-27T13:53:51Z
cand_0032,https://nickm.com/taroko_gorge/,https://nickm.com/taroko_gorge/wandering_through_taroko_gorge/,James T. Burling,nickm-taroko-related,2026-06-27T13:53:51Z
cand_0033,https://nickm.com/taroko_gorge/,https://nickm.com/taroko_gorge/wawoz_taroko/,Piotr Marecki &Aleksandra Małecka,nickm-taroko-related,2026-06-27T13:53:51Z
cand_0034,https://nickm.com/taroko_gorge/,http://ha.art.pl/nick_montfort/wawoz_taroko.html,[PM+AM],nickm-taroko-related,2026-06-27T13:53:51Z
cand_0035,https://nickm.com/taroko_gorge/,https://nickm.com/taroko_gorge/hey_gorgeous/,Darius Kazemi,nickm-taroko-related,2026-06-27T13:53:51Z
cand_0036,https://nickm.com/taroko_gorge/,http://tinysubversions.com/stuff/gorge/,[DK],nickm-taroko-related,2026-06-27T13:53:51Z
cand_0037,https://nickm.com/taroko_gorge/,https://nickm.com/taroko_gorge/54_61_72_6f_6b_6f/,Roman Kalinovski,nickm-taroko-related,2026-06-27T13:53:51Z
cand_0038,https://nickm.com/taroko_gorge/,https://nickm.com/taroko_gorge/tolle_garbage/,Thor Baukhol Madsen,nickm-taroko-related,2026-06-27T13:53:51Z
cand_0039,https://nickm.com/taroko_gorge/,https://nickm.com/taroko_gorge/take_gonzo/,Anders Gonzo Gaard,nickm-taroko-related,2026-06-27T13:53:51Z
cand_0040,https://nickm.com/taroko_gorge/,https://nickm.com/taroko_gorge/wawoz_krakow/,Piotr Marecki,nickm-taroko-related,2026-06-27T13:53:51Z
cand_0041,https://nickm.com/taroko_gorge/,https://nickm.com/taroko_gorge/garaz_w_tokio/,Scott Rettberg &Mariusz Pisarski,nickm-taroko-related,2026-06-27T13:53:51Z
cand_0042,https://nickm.com/taroko_gorge/,https://nickm.com/taroko_gorge/oko_na_donbas/,Mariusz Pisarski,nickm-taroko-related,2026-06-27T13:53:51Z
cand_0043,https://nickm.com/taroko_gorge/,https://nickm.com/taroko_gorge/karaoke_mirage/,Robert Fletcher,nickm-taroko-related,2026-06-27T13:53:51Z
cand_0044,https://nickm.com/taroko_gorge/,https://nickm.com/taroko_gorge/ok_artgoer_go/,Stuart Moulthrop,nickm-taroko-related,2026-06-27T13:53:51Z
cand_0045,https://nickm.com/taroko_gorge/,http://pantherfile.uwm.edu/moulthro/hypertexts/myGorge/,[SM],nickm-taroko-related,2026-06-27T13:53:51Z
cand_0046,https://nickm.com/taroko_gorge/,https://nickm.com/taroko_gorge/at_or_to_take_regret/,Johanna Rodgers,nickm-taroko-related,2026-06-27T13:53:51Z
cand_0047,https://nickm.com/taroko_gorge/,http://dnanovel.reddustjg1.site.aplus.net/Rodgers_Taroko_At_Or_To_Take_Regret.html,[JR],nickm-taroko-related,2026-06-27T13:53:51Z
cand_0048,https://nickm.com/taroko_gorge/,https://nickm.com/taroko_gorge/dress_for_overcast/,Clare Bryden,nickm-taroko-related,2026-06-27T13:53:51Z
cand_0049,https://nickm.com/taroko_gorge/,https://nickm.com/taroko_gorge/kanjono_taroko/,Robin Hill,nickm-taroko-related,2026-06-27T13:53:51Z
cand_0050,https://nickm.com/taroko_gorge/,http://www.inthescales.com/pages/kanjono-taroko/,[RH],nickm-taroko-related,2026-06-27T13:53:51Z
cand_0051,https://nickm.com/taroko_gorge/,https://nickm.com/taroko_gorge/infinite_monkey_theorem/,Jeremy C. Justus,nickm-taroko-related,2026-06-27T13:53:51Z
cand_0052,https://nickm.com/taroko_gorge/,https://nickm.com/taroko_gorge/li_po/,Broken English,nickm-taroko-related,2026-06-27T13:53:51Z
cand_0053,https://nickm.com/taroko_gorge/,https://nickm.com/taroko_gorge/gorge_of_anathema/,Trevor Arseneau,nickm-taroko-related,2026-06-27T13:53:51Z
cand_0054,https://nickm.com/taroko_gorge/,http://multimodalmel.com/693/pages/trevogorge2.html,[TA],nickm-taroko-related,2026-06-27T13:53:51Z
cand_0055,https://nickm.com/taroko_gorge/,https://nickm.com/taroko_gorge/tranced_gaze/,xenofem,nickm-taroko-related,2026-06-27T13:53:51Z
cand_0056,https://nickm.com/taroko_gorge/,https://nickm.com/taroko_gorge/melroko_porridge/,Melinda M. White,nickm-taroko-related,2026-06-27T13:53:51Z
cand_0057,https://nickm.com/taroko_gorge/,https://nickm.com/taroko_gorge/tough_guise/,Anneke Nussbaum,nickm-taroko-related,2026-06-27T13:53:51Z
cand_0058,https://nickm.com/taroko_gorge/,https://nickm.com/taroko_gorge/within_and_against/,Mehul Desai &Deena Larsen,nickm-taroko-related,2026-06-27T13:53:51Z
cand_0059,https://nickm.com/taroko_gorge/,https://nickm.com/taroko_gorge/taroko_gary_revisited/,Leonardo Flores,nickm-taroko-related,2026-06-27T13:53:51Z
cand_0060,https://nickm.com/taroko_gorge/,https://iloveepoetry.org/creative/tarokogaryrevisited.html,[LF],nickm-taroko-related,2026-06-27T13:53:51Z
cand_0061,https://collection.eliterature.org/3/collection-taroko.html,https://collection.eliterature.org/3/index.html,< Return,elc-taroko,2026-06-27T13:53:52Z
